<application>
  <component name="Vcs.Log.App.Settings">
    <option name="SHOW_CHANGES_FROM_PARENTS" value="true" />
    <option name="COLUMN_ORDER">
      <list>
        <option value="0" />
        <option value="1" />
        <option value="2" />
        <option value="3" />
      </list>
    </option>
  </component>
  <component name="VcsApplicationSettings">
    <option name="SHOW_LST_GUTTER_MARKERS" value="false" />
    <option name="SHOW_LST_WORD_DIFFERENCES" value="false" />
  </component>
</application>