<application>
  <component name="libraryTable">
    <library name="@types/mongoose" type="javaScript">
      <CLASSES />
      <SOURCES />
    </library>
    <library name="@types/multer" type="javaScript">
      <CLASSES />
      <SOURCES />
    </library>
    <library name="@types/react" type="javaScript">
      <CLASSES />
      <SOURCES />
    </library>
    <library name="@types/react-native" type="javaScript">
      <CLASSES />
      <SOURCES />
    </library>
    <library name="@types/redux-immutable-state-invariant" type="javaScript">
      <CLASSES />
      <SOURCES />
    </library>
    <library name="cheerio-DefinitelyTyped" type="javaScript">
      <properties>
        <sourceFilesUrls>
          <item url="file://$APPLICATION_CONFIG_DIR$/javascript/extLibs/http_github.com_DefinitelyTyped_DefinitelyTyped_raw_master_types_cheerio_index.d.ts" />
        </sourceFilesUrls>
      </properties>
      <CLASSES>
        <root url="file://$APPLICATION_CONFIG_DIR$/javascript/extLibs/http_github.com_DefinitelyTyped_DefinitelyTyped_raw_master_types_cheerio_index.d.ts" />
      </CLASSES>
      <SOURCES />
    </library>
    <library name="dd5e908cb78904f79df0095e4da4a35ansXzQCFP.16100002" type="javaScript">
      <properties>
        <sourceFilesUrls>
          <item url="file://$APPLICATION_CONFIG_DIR$/javascript/extLibs/__cdn.jandan.net_static_min_dd5e908cb78904f79df0095e4da4a35ansXzQCFP.16100002.js" />
        </sourceFilesUrls>
      </properties>
      <CLASSES>
        <root url="file://$APPLICATION_CONFIG_DIR$/javascript/extLibs/__cdn.jandan.net_static_min_dd5e908cb78904f79df0095e4da4a35ansXzQCFP.16100002.js" />
      </CLASSES>
      <SOURCES />
    </library>
    <library name="jquery" type="javaScript">
      <properties>
        <option name="frameworkName" value="jQuery" />
        <sourceFilesUrls>
          <item url="file://$APPLICATION_CONFIG_DIR$/javascript/extLibs/__apps.bdimg.com_libs_jquery_1.11.3_jquery.js" />
          <item url="file://$APPLICATION_CONFIG_DIR$/javascript/extLibs/__apps.bdimg.com_libs_jquery_2.0.3_jquery.js" />
        </sourceFilesUrls>
      </properties>
      <CLASSES>
        <root url="file://$APPLICATION_CONFIG_DIR$/javascript/extLibs/__apps.bdimg.com_libs_jquery_1.11.3_jquery.js" />
        <root url="file://$APPLICATION_CONFIG_DIR$/javascript/extLibs/__apps.bdimg.com_libs_jquery_2.0.3_jquery.js" />
      </CLASSES>
      <DOCUMENTATION>
        <root url="http://api.jquery.com" />
      </DOCUMENTATION>
      <SOURCES />
    </library>
    <library name="jquery.lazyload" type="javaScript">
      <properties>
        <option name="frameworkName" value="jQuery" />
        <option name="frameworkVersion" value="1.9.5" />
        <sourceFilesUrls>
          <item url="file://$APPLICATION_CONFIG_DIR$/javascript/extLibs/__apps.bdimg.com_libs_jquery-lazyload_1.9.5_jquery.lazyload.js" />
        </sourceFilesUrls>
      </properties>
      <CLASSES>
        <root url="file://$APPLICATION_CONFIG_DIR$/javascript/extLibs/__apps.bdimg.com_libs_jquery-lazyload_1.9.5_jquery.lazyload.js" />
      </CLASSES>
      <DOCUMENTATION>
        <root url="http://api.jquery.com" />
      </DOCUMENTATION>
      <SOURCES />
    </library>
    <library name="react-DefinitelyTyped" type="javaScript">
      <properties>
        <sourceFilesUrls>
          <item url="file://$APPLICATION_CONFIG_DIR$/javascript/extLibs/http_github.com_DefinitelyTyped_DefinitelyTyped_raw_master_types_react_global.d.ts" />
          <item url="file://$APPLICATION_CONFIG_DIR$/javascript/extLibs/http_github.com_DefinitelyTyped_DefinitelyTyped_raw_master_types_react_index.d.ts" />
        </sourceFilesUrls>
      </properties>
      <CLASSES>
        <root url="file://$APPLICATION_CONFIG_DIR$/javascript/extLibs/http_github.com_DefinitelyTyped_DefinitelyTyped_raw_master_types_react_global.d.ts" />
        <root url="file://$APPLICATION_CONFIG_DIR$/javascript/extLibs/http_github.com_DefinitelyTyped_DefinitelyTyped_raw_master_types_react_index.d.ts" />
      </CLASSES>
      <SOURCES />
    </library>
    <library name="superagent-DefinitelyTyped" type="javaScript">
      <properties>
        <sourceFilesUrls>
          <item url="file://$APPLICATION_CONFIG_DIR$/javascript/extLibs/http_github.com_DefinitelyTyped_DefinitelyTyped_raw_master_types_superagent_index.d.ts" />
        </sourceFilesUrls>
      </properties>
      <CLASSES>
        <root url="file://$APPLICATION_CONFIG_DIR$/javascript/extLibs/http_github.com_DefinitelyTyped_DefinitelyTyped_raw_master_types_superagent_index.d.ts" />
      </CLASSES>
      <SOURCES />
    </library>
    <library name="velocity-1.5.0" type="javaScript">
      <properties>
        <sourceFilesUrls>
          <item url="file://$APPLICATION_CONFIG_DIR$/javascript/extLibs/__cdn.jandan.net_static_js_velocity-1.5.0.min.js" />
        </sourceFilesUrls>
      </properties>
      <CLASSES>
        <root url="file://$APPLICATION_CONFIG_DIR$/javascript/extLibs/__cdn.jandan.net_static_js_velocity-1.5.0.min.js" />
      </CLASSES>
      <SOURCES />
    </library>
  </component>
</application>