<application>
  <component name="CodeInsightSettings">
    <option name="HIGHLIGHT_SCOPE" value="true" />
  </component>
  <component name="DefaultFont">
    <option name="FONT_SIZE" value="17" />
  </component>
  <component name="EditorSettings">
    <option name="languageBreadcrumbsMap">
      <map>
        <entry key="JSX Harmony" value="true" />
      </map>
    </option>
    <option name="USE_SOFT_WRAPS" value="CONSOLE" />
    <option name="IS_VIRTUAL_SPACE" value="true" />
    <option name="STRIP_TRAILING_SPACES" value="Whole" />
    <option name="IS_ENSURE_NEWLINE_AT_EOF" value="true" />
    <option name="IS_CAMEL_WORDS" value="true" />
    <option name="ADDITIONAL_PAGE_AT_BOTTOM" value="true" />
    <option name="IS_WHEEL_FONTCHANGE_ENABLED" value="true" />
  </component>
  <component name="XmlEditorOptions">
    <option name="showCssInlineColorPreview" value="true" />
  </component>
</application>