<application>
  <component name="FileTypeManager" version="17">
    <extensionMap>
      <mapping pattern="proxy" type="PLAIN_TEXT" />
      <mapping pattern="empty" type="PLAIN_TEXT" />
      <mapping pattern="8166ab5eaf21a20968ce432450a9081d" type="PLAIN_TEXT" />
      <mapping pattern="2" type="PLAIN_TEXT" />
      <mapping pattern="1" type="PLAIN_TEXT" />
      <mapping pattern="9b8c2c728db3c052316e6bd7c5a04fcd" type="PLAIN_TEXT" />
      <mapping pattern="字段" type="PLAIN_TEXT" />
      <mapping ext="jks" type="PLAIN_TEXT" />
      <mapping pattern="store" type="TypeScript" />
    </extensionMap>
  </component>
</application>