<application>
  <component name="ProjectManager">
    <defaultProject>
      <component name="MavenImportPreferences">
        <option name="generalSettings">
          <MavenGeneralSettings>
            <option name="mavenHome" value="$APPLICATION_HOME_DIR$/plugins/maven/lib/maven3" />
          </MavenGeneralSettings>
        </option>
      </component>
      <component name="PropertiesComponent">
        <property name="nodejs_interpreter_path.stuck_in_default_project" value="undefined stuck path" />
        <property name="nodejs_npm_path_reset_for_default_project" value="true" />
        <property name="settings.editor.selected.configurable" value="settings.github" />
      </component>
      <component name="VcsContentAnnotationSettings">
        <option name="myLimit" value="2678400000" />
      </component>
    </defaultProject>
  </component>
</application>