<application>
  <component name="UISettings">
    <option name="ACTIVATE_MRU_EDITOR_ON_CLOSE" value="true" />
    <option name="DND_WITH_PRESSED_ALT_ONLY" value="true" />
    <option name="HIDE_TOOL_STRIPES" value="true" />
    <option name="IDE_AA_TYPE" value="Greyscale" />
    <option name="MARK_MODIFIED_TABS_WITH_ASTERISK" value="true" />
    <option name="SHOW_NAVIGATION_BAR_MEMBERS" value="false" />
    <option name="SHOW_NAVIGATION_BAR" value="false" />
    <option name="SHOW_STATUS_BAR" value="false" />
  </component>
</application>